id,displayName,sortName,party,state,district,tenureStartDate,nextElectionDate,grade
43865,Rep. James “Jim” Langevin [D-RI2],"Langevin, James “Jim” (Rep.) [D-RI2]",Democrat,RI,2,1/3/2017,1/3/2019,
43807,Rep. Robert Aderholt [R-AL4],"Aderholt, Robert (Rep.) [R-AL4]",Republican,AL,4,1/3/2017,1/3/2019,
43808,Rep. Joe Barton [R-TX6],"Barton, Joe (Rep.) [R-TX6]",Republican,TX,6,1/3/2017,1/3/2019,
43810,Rep. Rob Bishop [R-UT1],"Bishop, Rob (Rep.) [R-UT1]",Republican,UT,1,1/3/2017,1/3/2019,
43811,Rep. Sanford Bishop [D-GA2],"Bishop, Sanford (Rep.) [D-GA2]",Democrat,GA,2,1/3/2017,1/3/2019,
43812,Rep. Marsha Blackburn [R-TN7],"Blackburn, Marsha (Rep.) [R-TN7]",Republican,TN,7,1/3/2017,1/3/2019,
43813,Rep. Earl Blumenauer [D-OR3],"Blumenauer, Earl (Rep.) [D-OR3]",Democrat,OR,3,1/3/2017,1/3/2019,
43816,Rep. Madeleine Bordallo [D-GU0],"Bordallo, Madeleine (Rep.) [D-GU0]",Democrat,GU,0,1/3/2017,1/3/2019,
43817,Rep. Kevin Brady [R-TX8],"Brady, Kevin (Rep.) [R-TX8]",Republican,TX,8,1/3/2017,1/3/2019,
43818,Rep. Robert Brady [D-PA1],"Brady, Robert (Rep.) [D-PA1]",Democrat,PA,1,1/3/2017,1/3/2019,
43819,Rep. Michael Burgess [R-TX26],"Burgess, Michael (Rep.) [R-TX26]",Republican,TX,26,1/3/2017,1/3/2019,
43821,Rep. Ken Calvert [R-CA42],"Calvert, Ken (Rep.) [R-CA42]",Republican,CA,42,1/3/2017,1/3/2019,
43822,Rep. Michael Capuano [D-MA7],"Capuano, Michael (Rep.) [D-MA7]",Democrat,MA,7,1/3/2017,1/3/2019,
43823,Rep. John Carter [R-TX31],"Carter, John (Rep.) [R-TX31]",Republican,TX,31,1/3/2017,1/3/2019,
43824,Rep. Steve Chabot [R-OH1],"Chabot, Steve (Rep.) [R-OH1]",Republican,OH,1,1/3/2017,1/3/2019,
43825,Rep. Lacy Clay [D-MO1],"Clay, Lacy (Rep.) [D-MO1]",Democrat,MO,1,1/3/2017,1/3/2019,
43826,Rep. James “Jim” Clyburn [D-SC6],"Clyburn, James “Jim” (Rep.) [D-SC6]",Democrat,SC,6,1/3/2017,1/3/2019,
43827,Rep. Tom Cole [R-OK4],"Cole, Tom (Rep.) [R-OK4]",Republican,OK,4,1/3/2017,1/3/2019,
43828,Rep. John Conyers [D-MI13],"Conyers, John (Rep.) [D-MI13]",Democrat,MI,13,1/3/2017,1/3/2019,
43829,Rep. Jim Cooper [D-TN5],"Cooper, Jim (Rep.) [D-TN5]",Democrat,TN,5,1/3/2017,1/3/2019,
43830,Rep. Joseph “Joe” Crowley [D-NY14],"Crowley, Joseph “Joe” (Rep.) [D-NY14]",Democrat,NY,14,1/3/2017,1/3/2019,
43831,Rep. John Culberson [R-TX7],"Culberson, John (Rep.) [R-TX7]",Republican,TX,7,1/3/2017,1/3/2019,
43832,Rep. Elijah Cummings [D-MD7],"Cummings, Elijah (Rep.) [D-MD7]",Democrat,MD,7,1/3/2017,1/3/2019,
43833,Rep. Danny Davis [D-IL7],"Davis, Danny (Rep.) [D-IL7]",Democrat,IL,7,1/3/2017,1/3/2019,
43834,Rep. Susan Davis [D-CA53],"Davis, Susan (Rep.) [D-CA53]",Democrat,CA,53,1/3/2017,1/3/2019,
43835,Rep. Peter DeFazio [D-OR4],"DeFazio, Peter (Rep.) [D-OR4]",Democrat,OR,4,1/3/2017,1/3/2019,
43836,Rep. Diana DeGette [D-CO1],"DeGette, Diana (Rep.) [D-CO1]",Democrat,CO,1,1/3/2017,1/3/2019,
43837,Rep. Rosa DeLauro [D-CT3],"DeLauro, Rosa (Rep.) [D-CT3]",Democrat,CT,3,1/3/2017,1/3/2019,
43838,Rep. Mario Diaz-Balart [R-FL25],"Diaz-Balart, Mario (Rep.) [R-FL25]",Republican,FL,25,1/3/2017,1/3/2019,
43839,Rep. Lloyd Doggett [D-TX35],"Doggett, Lloyd (Rep.) [D-TX35]",Democrat,TX,35,1/3/2017,1/3/2019,
43840,Rep. Michael “Mike” Doyle [D-PA14],"Doyle, Michael “Mike” (Rep.) [D-PA14]",Democrat,PA,14,1/3/2017,1/3/2019,
43841,Rep. John “Jimmy” Duncan [R-TN2],"Duncan, John “Jimmy” (Rep.) [R-TN2]",Republican,TN,2,1/3/2017,1/3/2019,
43842,Rep. Eliot Engel [D-NY16],"Engel, Eliot (Rep.) [D-NY16]",Democrat,NY,16,1/3/2017,1/3/2019,
43843,Rep. Anna Eshoo [D-CA18],"Eshoo, Anna (Rep.) [D-CA18]",Democrat,CA,18,1/3/2017,1/3/2019,
43844,Rep. Trent Franks [R-AZ8],"Franks, Trent (Rep.) [R-AZ8]",Republican,AZ,8,1/3/2017,1/3/2019,
43845,Rep. Rodney Frelinghuysen [R-NJ11],"Frelinghuysen, Rodney (Rep.) [R-NJ11]",Republican,NJ,11,1/3/2017,1/3/2019,
43846,Rep. Bob Goodlatte [R-VA6],"Goodlatte, Bob (Rep.) [R-VA6]",Republican,VA,6,1/3/2017,1/3/2019,
43847,Rep. Kay Granger [R-TX12],"Granger, Kay (Rep.) [R-TX12]",Republican,TX,12,1/3/2017,1/3/2019,
43848,Rep. Sam Graves [R-MO6],"Graves, Sam (Rep.) [R-MO6]",Republican,MO,6,1/3/2017,1/3/2019,
43849,Rep. Gene Green [D-TX29],"Green, Gene (Rep.) [D-TX29]",Democrat,TX,29,1/3/2017,1/3/2019,
43850,Rep. Raúl Grijalva [D-AZ3],"Grijalva, Raúl (Rep.) [D-AZ3]",Democrat,AZ,3,1/3/2017,1/3/2019,
43851,Rep. Luis Gutiérrez [D-IL4],"Gutiérrez, Luis (Rep.) [D-IL4]",Democrat,IL,4,1/3/2017,1/3/2019,
43852,Rep. Alcee Hastings [D-FL20],"Hastings, Alcee (Rep.) [D-FL20]",Democrat,FL,20,1/3/2017,1/3/2019,
43853,Rep. Jeb Hensarling [R-TX5],"Hensarling, Jeb (Rep.) [R-TX5]",Republican,TX,5,1/3/2017,1/3/2019,
43854,Rep. Steny Hoyer [D-MD5],"Hoyer, Steny (Rep.) [D-MD5]",Democrat,MD,5,1/3/2017,1/3/2019,
43856,Rep. Darrell Issa [R-CA49],"Issa, Darrell (Rep.) [R-CA49]",Republican,CA,49,1/3/2017,1/3/2019,
43857,Rep. Sheila Jackson Lee [D-TX18],"Jackson Lee, Sheila (Rep.) [D-TX18]",Democrat,TX,18,1/3/2017,1/3/2019,
43858,Rep. Eddie Johnson [D-TX30],"Johnson, Eddie (Rep.) [D-TX30]",Democrat,TX,30,1/3/2017,1/3/2019,
43859,Rep. Sam Johnson [R-TX3],"Johnson, Sam (Rep.) [R-TX3]",Republican,TX,3,1/3/2017,1/3/2019,
43860,Rep. Walter Jones [R-NC3],"Jones, Walter (Rep.) [R-NC3]",Republican,NC,3,1/3/2017,1/3/2019,
43861,Rep. Marcy Kaptur [D-OH9],"Kaptur, Marcy (Rep.) [D-OH9]",Democrat,OH,9,1/3/2017,1/3/2019,
43862,Rep. Ron Kind [D-WI3],"Kind, Ron (Rep.) [D-WI3]",Democrat,WI,3,1/3/2017,1/3/2019,
43863,Rep. Peter “Pete” King [R-NY2],"King, Peter “Pete” (Rep.) [R-NY2]",Republican,NY,2,1/3/2017,1/3/2019,
43864,Rep. Steve King [R-IA4],"King, Steve (Rep.) [R-IA4]",Republican,IA,4,1/3/2017,1/3/2019,
43866,Rep. Rick Larsen [D-WA2],"Larsen, Rick (Rep.) [D-WA2]",Democrat,WA,2,1/3/2017,1/3/2019,
43867,Rep. John Larson [D-CT1],"Larson, John (Rep.) [D-CT1]",Democrat,CT,1,1/3/2017,1/3/2019,
43868,Rep. Barbara Lee [D-CA13],"Lee, Barbara (Rep.) [D-CA13]",Democrat,CA,13,1/3/2017,1/3/2019,
43869,Rep. Sander Levin [D-MI9],"Levin, Sander (Rep.) [D-MI9]",Democrat,MI,9,1/3/2017,1/3/2019,
43870,Rep. John Lewis [D-GA5],"Lewis, John (Rep.) [D-GA5]",Democrat,GA,5,1/3/2017,1/3/2019,
43871,Rep. Frank LoBiondo [R-NJ2],"LoBiondo, Frank (Rep.) [R-NJ2]",Republican,NJ,2,1/3/2017,1/3/2019,
43872,Rep. Zoe Lofgren [D-CA19],"Lofgren, Zoe (Rep.) [D-CA19]",Democrat,CA,19,1/3/2017,1/3/2019,
43873,Rep. Nita Lowey [D-NY17],"Lowey, Nita (Rep.) [D-NY17]",Democrat,NY,17,1/3/2017,1/3/2019,
43874,Rep. Frank Lucas [R-OK3],"Lucas, Frank (Rep.) [R-OK3]",Republican,OK,3,1/3/2017,1/3/2019,
43875,Rep. Stephen Lynch [D-MA8],"Lynch, Stephen (Rep.) [D-MA8]",Democrat,MA,8,1/3/2017,1/3/2019,
43876,Rep. Carolyn Maloney [D-NY12],"Maloney, Carolyn (Rep.) [D-NY12]",Democrat,NY,12,1/3/2017,1/3/2019,
43877,Rep. Betty McCollum [D-MN4],"McCollum, Betty (Rep.) [D-MN4]",Democrat,MN,4,1/3/2017,1/3/2019,
43878,Rep. James “Jim” McGovern [D-MA2],"McGovern, James “Jim” (Rep.) [D-MA2]",Democrat,MA,2,1/3/2017,1/3/2019,
43879,Rep. Gregory Meeks [D-NY5],"Meeks, Gregory (Rep.) [D-NY5]",Democrat,NY,5,1/3/2017,1/3/2019,
43881,Rep. Tim Murphy [R-PA18],"Murphy, Tim (Rep.) [R-PA18]",Republican,PA,18,1/3/2017,1/3/2019,
43882,Rep. Jerrold Nadler [D-NY10],"Nadler, Jerrold (Rep.) [D-NY10]",Democrat,NY,10,1/3/2017,1/3/2019,
43883,Rep. Grace Napolitano [D-CA32],"Napolitano, Grace (Rep.) [D-CA32]",Democrat,CA,32,1/3/2017,1/3/2019,
43884,Rep. Richard Neal [D-MA1],"Neal, Richard (Rep.) [D-MA1]",Democrat,MA,1,1/3/2017,1/3/2019,
43885,Rep. Eleanor Norton [D-DC0],"Norton, Eleanor (Rep.) [D-DC0]",Democrat,DC,0,1/3/2017,1/3/2019,
43886,Rep. Devin Nunes [R-CA22],"Nunes, Devin (Rep.) [R-CA22]",Republican,CA,22,1/3/2017,1/3/2019,
43887,Rep. Frank Pallone [D-NJ6],"Pallone, Frank (Rep.) [D-NJ6]",Democrat,NJ,6,1/3/2017,1/3/2019,
43888,Rep. Bill Pascrell [D-NJ9],"Pascrell, Bill (Rep.) [D-NJ9]",Democrat,NJ,9,1/3/2017,1/3/2019,
43889,Rep. Stevan “Steve” Pearce [R-NM2],"Pearce, Stevan “Steve” (Rep.) [R-NM2]",Republican,NM,2,1/3/2017,1/3/2019,
43890,Rep. Nancy Pelosi [D-CA12],"Pelosi, Nancy (Rep.) [D-CA12]",Democrat,CA,12,1/3/2017,1/3/2019,
43891,Rep. Collin Peterson [D-MN7],"Peterson, Collin (Rep.) [D-MN7]",Democrat,MN,7,1/3/2017,1/3/2019,
43893,Rep. David Price [D-NC4],"Price, David (Rep.) [D-NC4]",Democrat,NC,4,1/3/2017,1/3/2019,
43894,Rep. Harold “Hal” Rogers [R-KY5],"Rogers, Harold “Hal” (Rep.) [R-KY5]",Republican,KY,5,1/3/2017,1/3/2019,
43895,Rep. Mike Rogers [R-AL3],"Rogers, Mike (Rep.) [R-AL3]",Republican,AL,3,1/3/2017,1/3/2019,
43896,Rep. Dana Rohrabacher [R-CA48],"Rohrabacher, Dana (Rep.) [R-CA48]",Republican,CA,48,1/3/2017,1/3/2019,
43897,Rep. Ileana Ros-Lehtinen [R-FL27],"Ros-Lehtinen, Ileana (Rep.) [R-FL27]",Republican,FL,27,1/3/2017,1/3/2019,
43898,Rep. Lucille Roybal-Allard [D-CA40],"Roybal-Allard, Lucille (Rep.) [D-CA40]",Democrat,CA,40,1/3/2017,1/3/2019,
43899,Rep. Edward “Ed” Royce [R-CA39],"Royce, Edward “Ed” (Rep.) [R-CA39]",Republican,CA,39,1/3/2017,1/3/2019,
43900,Rep. A. Dutch Ruppersberger [D-MD2],"Ruppersberger, A. Dutch (Rep.) [D-MD2]",Democrat,MD,2,1/3/2017,1/3/2019,
43901,Rep. Bobby Rush [D-IL1],"Rush, Bobby (Rep.) [D-IL1]",Democrat,IL,1,1/3/2017,1/3/2019,
43902,Rep. Paul Ryan [R-WI1],"Ryan, Paul (Rep.) [R-WI1]",Republican,WI,1,1/3/2017,1/3/2019,
43903,Rep. Tim Ryan [D-OH13],"Ryan, Tim (Rep.) [D-OH13]",Democrat,OH,13,1/3/2017,1/3/2019,
43904,Rep. Linda Sánchez [D-CA38],"Sánchez, Linda (Rep.) [D-CA38]",Democrat,CA,38,1/3/2017,1/3/2019,
43905,Rep. Janice “Jan” Schakowsky [D-IL9],"Schakowsky, Janice “Jan” (Rep.) [D-IL9]",Democrat,IL,9,1/3/2017,1/3/2019,
43906,Rep. Adam Schiff [D-CA28],"Schiff, Adam (Rep.) [D-CA28]",Democrat,CA,28,1/3/2017,1/3/2019,
43907,Rep. David Scott [D-GA13],"Scott, David (Rep.) [D-GA13]",Democrat,GA,13,1/3/2017,1/3/2019,
43908,Rep. Robert “Bobby” Scott [D-VA3],"Scott, Robert “Bobby” (Rep.) [D-VA3]",Democrat,VA,3,1/3/2017,1/3/2019,
43909,Rep. James Sensenbrenner [R-WI5],"Sensenbrenner, James (Rep.) [R-WI5]",Republican,WI,5,1/3/2017,1/3/2019,
43910,Rep. José Serrano [D-NY15],"Serrano, José (Rep.) [D-NY15]",Democrat,NY,15,1/3/2017,1/3/2019,
43911,Rep. Pete Sessions [R-TX32],"Sessions, Pete (Rep.) [R-TX32]",Republican,TX,32,1/3/2017,1/3/2019,
43912,Rep. Brad Sherman [D-CA30],"Sherman, Brad (Rep.) [D-CA30]",Democrat,CA,30,1/3/2017,1/3/2019,
43913,Rep. John Shimkus [R-IL15],"Shimkus, John (Rep.) [R-IL15]",Republican,IL,15,1/3/2017,1/3/2019,
43914,Rep. Michael “Mike” Simpson [R-ID2],"Simpson, Michael “Mike” (Rep.) [R-ID2]",Republican,ID,2,1/3/2017,1/3/2019,
43915,Rep. Louise Slaughter [D-NY25],"Slaughter, Louise (Rep.) [D-NY25]",Democrat,NY,25,1/3/2017,1/3/2019,
43916,Rep. Adam Smith [D-WA9],"Smith, Adam (Rep.) [D-WA9]",Democrat,WA,9,1/3/2017,1/3/2019,
43917,Rep. Christopher “Chris” Smith [R-NJ4],"Smith, Christopher “Chris” (Rep.) [R-NJ4]",Republican,NJ,4,1/3/2017,1/3/2019,
43918,Rep. Lamar Smith [R-TX21],"Smith, Lamar (Rep.) [R-TX21]",Republican,TX,21,1/3/2017,1/3/2019,
43919,Rep. Bennie Thompson [D-MS2],"Thompson, Bennie (Rep.) [D-MS2]",Democrat,MS,2,1/3/2017,1/3/2019,
43920,Rep. Mike Thompson [D-CA5],"Thompson, Mike (Rep.) [D-CA5]",Democrat,CA,5,1/3/2017,1/3/2019,
43921,Rep. Mac Thornberry [R-TX13],"Thornberry, Mac (Rep.) [R-TX13]",Republican,TX,13,1/3/2017,1/3/2019,
43922,Rep. Patrick “Pat” Tiberi [R-OH12],"Tiberi, Patrick “Pat” (Rep.) [R-OH12]",Republican,OH,12,1/3/2017,1/3/2019,
43924,Rep. Michael Turner [R-OH10],"Turner, Michael (Rep.) [R-OH10]",Republican,OH,10,1/3/2017,1/3/2019,
43925,Rep. Fred Upton [R-MI6],"Upton, Fred (Rep.) [R-MI6]",Republican,MI,6,1/3/2017,1/3/2019,
43927,Rep. Nydia Velázquez [D-NY7],"Velázquez, Nydia (Rep.) [D-NY7]",Democrat,NY,7,1/3/2017,1/3/2019,
43928,Rep. Peter Visclosky [D-IN1],"Visclosky, Peter (Rep.) [D-IN1]",Democrat,IN,1,1/3/2017,1/3/2019,
43929,Rep. Greg Walden [R-OR2],"Walden, Greg (Rep.) [R-OR2]",Republican,OR,2,1/3/2017,1/3/2019,
43930,Rep. Maxine Waters [D-CA43],"Waters, Maxine (Rep.) [D-CA43]",Democrat,CA,43,1/3/2017,1/3/2019,
43931,Rep. Joe Wilson [R-SC2],"Wilson, Joe (Rep.) [R-SC2]",Republican,SC,2,1/3/2017,1/3/2019,
43932,Rep. Don Young [R-AK0],"Young, Don (Rep.) [R-AK0]",Republican,AK,0,1/3/2017,1/3/2019,
43934,Rep. Marshall “Mark” Sanford [R-SC1],"Sanford, Marshall “Mark” (Rep.) [R-SC1]",Republican,SC,1,1/3/2017,1/3/2019,
43935,Rep. George “G.K.” Butterfield [D-NC1],"Butterfield, George “G.K.” (Rep.) [D-NC1]",Democrat,NC,1,1/3/2017,1/3/2019,
43936,Rep. Jim Costa [D-CA16],"Costa, Jim (Rep.) [D-CA16]",Democrat,CA,16,1/3/2017,1/3/2019,
43937,Rep. Debbie Wasserman Schultz [D-FL23],"Wasserman Schultz, Debbie (Rep.) [D-FL23]",Democrat,FL,23,1/3/2017,1/3/2019,
43939,Rep. Daniel Lipinski [D-IL3],"Lipinski, Daniel (Rep.) [D-IL3]",Democrat,IL,3,1/3/2017,1/3/2019,
43940,Rep. Emanuel Cleaver [D-MO5],"Cleaver, Emanuel (Rep.) [D-MO5]",Democrat,MO,5,1/3/2017,1/3/2019,
43941,Rep. Jeff Fortenberry [R-NE1],"Fortenberry, Jeff (Rep.) [R-NE1]",Republican,NE,1,1/3/2017,1/3/2019,
43942,Rep. Brian Higgins [D-NY26],"Higgins, Brian (Rep.) [D-NY26]",Democrat,NY,26,1/3/2017,1/3/2019,
43943,Rep. Virginia Foxx [R-NC5],"Foxx, Virginia (Rep.) [R-NC5]",Republican,NC,5,1/3/2017,1/3/2019,
43944,Rep. Patrick McHenry [R-NC10],"McHenry, Patrick (Rep.) [R-NC10]",Republican,NC,10,1/3/2017,1/3/2019,
43945,Rep. Charles Dent [R-PA15],"Dent, Charles (Rep.) [R-PA15]",Republican,PA,15,1/3/2017,1/3/2019,
43946,Rep. Louie Gohmert [R-TX1],"Gohmert, Louie (Rep.) [R-TX1]",Republican,TX,1,1/3/2017,1/3/2019,
43947,Rep. Ted Poe [R-TX2],"Poe, Ted (Rep.) [R-TX2]",Republican,TX,2,1/3/2017,1/3/2019,
43948,Rep. Al Green [D-TX9],"Green, Al (Rep.) [D-TX9]",Democrat,TX,9,1/3/2017,1/3/2019,
43949,Rep. Michael McCaul [R-TX10],"McCaul, Michael (Rep.) [R-TX10]",Republican,TX,10,1/3/2017,1/3/2019,
43950,Rep. Michael Conaway [R-TX11],"Conaway, Michael (Rep.) [R-TX11]",Republican,TX,11,1/3/2017,1/3/2019,
43951,Rep. Kenny Marchant [R-TX24],"Marchant, Kenny (Rep.) [R-TX24]",Republican,TX,24,1/3/2017,1/3/2019,
43952,Rep. Henry Cuellar [D-TX28],"Cuellar, Henry (Rep.) [D-TX28]",Democrat,TX,28,1/3/2017,1/3/2019,
43953,Rep. Cathy McMorris Rodgers [R-WA5],"McMorris Rodgers, Cathy (Rep.) [R-WA5]",Republican,WA,5,1/3/2017,1/3/2019,
43954,Rep. David Reichert [R-WA8],"Reichert, David (Rep.) [R-WA8]",Republican,WA,8,1/3/2017,1/3/2019,
43955,Rep. Gwen Moore [D-WI4],"Moore, Gwen (Rep.) [D-WI4]",Democrat,WI,4,1/3/2017,1/3/2019,
43956,Rep. Doris Matsui [D-CA6],"Matsui, Doris (Rep.) [D-CA6]",Democrat,CA,6,1/3/2017,1/3/2019,
43957,Rep. Richard Nolan [D-MN8],"Nolan, Richard (Rep.) [D-MN8]",Democrat,MN,8,1/3/2017,1/3/2019,
43958,Rep. Bill Shuster [R-PA9],"Shuster, Bill (Rep.) [R-PA9]",Republican,PA,9,1/3/2017,1/3/2019,
43959,Rep. Albio Sires [D-NJ8],"Sires, Albio (Rep.) [D-NJ8]",Democrat,NJ,8,1/3/2017,1/3/2019,
43960,Rep. Jerry McNerney [D-CA9],"McNerney, Jerry (Rep.) [D-CA9]",Democrat,CA,9,1/3/2017,1/3/2019,
43961,Rep. Kevin McCarthy [R-CA23],"McCarthy, Kevin (Rep.) [R-CA23]",Republican,CA,23,1/3/2017,1/3/2019,
43962,Rep. Doug Lamborn [R-CO5],"Lamborn, Doug (Rep.) [R-CO5]",Republican,CO,5,1/3/2017,1/3/2019,
43963,Rep. Ed Perlmutter [D-CO7],"Perlmutter, Ed (Rep.) [D-CO7]",Democrat,CO,7,1/3/2017,1/3/2019,
43964,Rep. Joe Courtney [D-CT2],"Courtney, Joe (Rep.) [D-CT2]",Democrat,CT,2,1/3/2017,1/3/2019,
43965,Rep. Kathy Castor [D-FL14],"Castor, Kathy (Rep.) [D-FL14]",Democrat,FL,14,1/3/2017,1/3/2019,
43966,Rep. Vern Buchanan [R-FL16],"Buchanan, Vern (Rep.) [R-FL16]",Republican,FL,16,1/3/2017,1/3/2019,
43967,Rep. Henry “Hank” Johnson [D-GA4],"Johnson, Henry “Hank” (Rep.) [D-GA4]",Democrat,GA,4,1/3/2017,1/3/2019,
43968,Rep. Peter Roskam [R-IL6],"Roskam, Peter (Rep.) [R-IL6]",Republican,IL,6,1/3/2017,1/3/2019,
43969,Rep. David Loebsack [D-IA2],"Loebsack, David (Rep.) [D-IA2]",Democrat,IA,2,1/3/2017,1/3/2019,
43970,Rep. John Yarmuth [D-KY3],"Yarmuth, John (Rep.) [D-KY3]",Democrat,KY,3,1/3/2017,1/3/2019,
43971,Rep. John Sarbanes [D-MD3],"Sarbanes, John (Rep.) [D-MD3]",Democrat,MD,3,1/3/2017,1/3/2019,
43972,Rep. Tim Walberg [R-MI7],"Walberg, Tim (Rep.) [R-MI7]",Republican,MI,7,1/3/2017,1/3/2019,
43973,Rep. Timothy Walz [D-MN1],"Walz, Timothy (Rep.) [D-MN1]",Democrat,MN,1,1/3/2017,1/3/2019,
43974,Rep. Keith Ellison [D-MN5],"Ellison, Keith (Rep.) [D-MN5]",Democrat,MN,5,1/3/2017,1/3/2019,
43975,Rep. Adrian Smith [R-NE3],"Smith, Adrian (Rep.) [R-NE3]",Republican,NE,3,1/3/2017,1/3/2019,
43976,Rep. Carol Shea-Porter [D-NH1],"Shea-Porter, Carol (Rep.) [D-NH1]",Democrat,NH,1,1/3/2017,1/3/2019,
43977,Rep. Yvette Clarke [D-NY9],"Clarke, Yvette (Rep.) [D-NY9]",Democrat,NY,9,1/3/2017,1/3/2019,
43978,Rep. Jim Jordan [R-OH4],"Jordan, Jim (Rep.) [R-OH4]",Republican,OH,4,1/3/2017,1/3/2019,
43979,Rep. Steve Cohen [D-TN9],"Cohen, Steve (Rep.) [D-TN9]",Democrat,TN,9,1/3/2017,1/3/2019,
43980,Rep. Peter Welch [D-VT0],"Welch, Peter (Rep.) [D-VT0]",Democrat,VT,0,1/3/2017,1/3/2019,
43981,Rep. Gus Bilirakis [R-FL12],"Bilirakis, Gus (Rep.) [R-FL12]",Republican,FL,12,1/3/2017,1/3/2019,
43982,Rep. Niki Tsongas [D-MA3],"Tsongas, Niki (Rep.) [D-MA3]",Democrat,MA,3,1/3/2017,1/3/2019,
43983,Rep. Robert Wittman [R-VA1],"Wittman, Robert (Rep.) [R-VA1]",Republican,VA,1,1/3/2017,1/3/2019,
43984,Rep. Robert Latta [R-OH5],"Latta, Robert (Rep.) [R-OH5]",Republican,OH,5,1/3/2017,1/3/2019,
43985,Rep. Bill Foster [D-IL11],"Foster, Bill (Rep.) [D-IL11]",Democrat,IL,11,1/3/2017,1/3/2019,
43986,Rep. André Carson [D-IN7],"Carson, André (Rep.) [D-IN7]",Democrat,IN,7,1/3/2017,1/3/2019,
43987,Rep. Jackie Speier [D-CA14],"Speier, Jackie (Rep.) [D-CA14]",Democrat,CA,14,1/3/2017,1/3/2019,
43988,Rep. Steve Scalise [R-LA1],"Scalise, Steve (Rep.) [R-LA1]",Republican,LA,1,1/3/2017,1/3/2019,
43989,Rep. Jason Chaffetz [R-UT3],"Chaffetz, Jason (Rep.) [R-UT3]",Republican,UT,3,1/3/2017,1/3/2019,
43990,Rep. Mike Coffman [R-CO6],"Coffman, Mike (Rep.) [R-CO6]",Republican,CO,6,1/3/2017,1/3/2019,
43991,Rep. Gerald Connolly [D-VA11],"Connolly, Gerald (Rep.) [D-VA11]",Democrat,VA,11,1/3/2017,1/3/2019,
43992,Rep. Brett Guthrie [R-KY2],"Guthrie, Brett (Rep.) [R-KY2]",Republican,KY,2,1/3/2017,1/3/2019,
43993,Rep. Gregg Harper [R-MS3],"Harper, Gregg (Rep.) [R-MS3]",Republican,MS,3,1/3/2017,1/3/2019,
43994,Rep. James Himes [D-CT4],"Himes, James (Rep.) [D-CT4]",Democrat,CT,4,1/3/2017,1/3/2019,
43995,Rep. Duncan Hunter [R-CA50],"Hunter, Duncan (Rep.) [R-CA50]",Republican,CA,50,1/3/2017,1/3/2019,
43996,Rep. Lynn Jenkins [R-KS2],"Jenkins, Lynn (Rep.) [R-KS2]",Republican,KS,2,1/3/2017,1/3/2019,
43997,Rep. Leonard Lance [R-NJ7],"Lance, Leonard (Rep.) [R-NJ7]",Republican,NJ,7,1/3/2017,1/3/2019,
43998,Rep. Blaine Luetkemeyer [R-MO3],"Luetkemeyer, Blaine (Rep.) [R-MO3]",Republican,MO,3,1/3/2017,1/3/2019,
43999,Rep. Ben Luján [D-NM3],"Luján, Ben (Rep.) [D-NM3]",Democrat,NM,3,1/3/2017,1/3/2019,
44000,Rep. Tom McClintock [R-CA4],"McClintock, Tom (Rep.) [R-CA4]",Republican,CA,4,1/3/2017,1/3/2019,
44001,Rep. Pete Olson [R-TX22],"Olson, Pete (Rep.) [R-TX22]",Republican,TX,22,1/3/2017,1/3/2019,
44002,Rep. Erik Paulsen [R-MN3],"Paulsen, Erik (Rep.) [R-MN3]",Republican,MN,3,1/3/2017,1/3/2019,
44003,Rep. Chellie Pingree [D-ME1],"Pingree, Chellie (Rep.) [D-ME1]",Democrat,ME,1,1/3/2017,1/3/2019,
44004,Rep. Jared Polis [D-CO2],"Polis, Jared (Rep.) [D-CO2]",Democrat,CO,2,1/3/2017,1/3/2019,
44005,Rep. Bill Posey [R-FL8],"Posey, Bill (Rep.) [R-FL8]",Republican,FL,8,1/3/2017,1/3/2019,
44006,Rep. David “Phil” Roe [R-TN1],"Roe, David “Phil” (Rep.) [R-TN1]",Republican,TN,1,1/3/2017,1/3/2019,
44007,Rep. Thomas Rooney [R-FL17],"Rooney, Thomas (Rep.) [R-FL17]",Republican,FL,17,1/3/2017,1/3/2019,
44008,Rep. Gregorio Sablan [D-MP0],"Sablan, Gregorio (Rep.) [D-MP0]",Democrat,MP,0,1/3/2017,1/3/2019,
44009,Rep. Kurt Schrader [D-OR5],"Schrader, Kurt (Rep.) [D-OR5]",Democrat,OR,5,1/10/2017,1/3/2019,
44010,Rep. Glenn Thompson [R-PA5],"Thompson, Glenn (Rep.) [R-PA5]",Republican,PA,5,1/3/2017,1/3/2019,
44011,Rep. Dina Titus [D-NV1],"Titus, Dina (Rep.) [D-NV1]",Democrat,NV,1,1/3/2017,1/3/2019,
44012,Rep. Paul Tonko [D-NY20],"Tonko, Paul (Rep.) [D-NY20]",Democrat,NY,20,1/3/2017,1/3/2019,
44013,Rep. Marcia Fudge [D-OH11],"Fudge, Marcia (Rep.) [D-OH11]",Democrat,OH,11,1/3/2017,1/3/2019,
44015,Rep. Mike Quigley [D-IL5],"Quigley, Mike (Rep.) [D-IL5]",Democrat,IL,5,1/3/2017,1/3/2019,
44016,Rep. Judy Chu [D-CA27],"Chu, Judy (Rep.) [D-CA27]",Democrat,CA,27,1/3/2017,1/3/2019,
44017,Rep. John Garamendi [D-CA3],"Garamendi, John (Rep.) [D-CA3]",Democrat,CA,3,1/3/2017,1/3/2019,
44018,Rep. Theodore Deutch [D-FL22],"Deutch, Theodore (Rep.) [D-FL22]",Democrat,FL,22,1/3/2017,1/3/2019,
44019,Rep. Tom Graves [R-GA14],"Graves, Tom (Rep.) [R-GA14]",Republican,GA,14,1/3/2017,1/3/2019,
44020,Rep. Tom Reed [R-NY23],"Reed, Tom (Rep.) [R-NY23]",Republican,NY,23,1/3/2017,1/3/2019,
44021,Rep. Martha Roby [R-AL2],"Roby, Martha (Rep.) [R-AL2]",Republican,AL,2,1/3/2017,1/3/2019,
44022,Rep. Mo Brooks [R-AL5],"Brooks, Mo (Rep.) [R-AL5]",Republican,AL,5,1/3/2017,1/3/2019,
44023,Rep. Terri Sewell [D-AL7],"Sewell, Terri (Rep.) [D-AL7]",Democrat,AL,7,1/3/2017,1/3/2019,
44024,Rep. Paul Gosar [R-AZ4],"Gosar, Paul (Rep.) [R-AZ4]",Republican,AZ,4,1/3/2017,1/3/2019,
44025,Rep. David Schweikert [R-AZ6],"Schweikert, David (Rep.) [R-AZ6]",Republican,AZ,6,1/3/2017,1/3/2019,
44026,Rep. Eric “Rick” Crawford [R-AR1],"Crawford, Eric “Rick” (Rep.) [R-AR1]",Republican,AR,1,1/3/2017,1/3/2019,
44027,Rep. Steve Womack [R-AR3],"Womack, Steve (Rep.) [R-AR3]",Republican,AR,3,1/3/2017,1/3/2019,
44028,Rep. Jeff Denham [R-CA10],"Denham, Jeff (Rep.) [R-CA10]",Republican,CA,10,1/3/2017,1/3/2019,
44029,Rep. Karen Bass [D-CA37],"Bass, Karen (Rep.) [D-CA37]",Democrat,CA,37,1/3/2017,1/3/2019,
44030,Rep. Scott Tipton [R-CO3],"Tipton, Scott (Rep.) [R-CO3]",Republican,CO,3,1/3/2017,1/3/2019,
44031,Rep. Daniel Webster [R-FL11],"Webster, Daniel (Rep.) [R-FL11]",Republican,FL,11,1/3/2017,1/3/2019,
44032,Rep. Dennis Ross [R-FL15],"Ross, Dennis (Rep.) [R-FL15]",Republican,FL,15,1/3/2017,1/3/2019,
44033,Rep. Frederica Wilson [D-FL24],"Wilson, Frederica (Rep.) [D-FL24]",Democrat,FL,24,1/3/2017,1/3/2019,
44034,Rep. Rob Woodall [R-GA7],"Woodall, Rob (Rep.) [R-GA7]",Republican,GA,7,1/3/2017,1/3/2019,
44035,Rep. Austin Scott [R-GA8],"Scott, Austin (Rep.) [R-GA8]",Republican,GA,8,1/3/2017,1/3/2019,
44036,Rep. Colleen Hanabusa [D-HI1],"Hanabusa, Colleen (Rep.) [D-HI1]",Democrat,HI,1,1/3/2017,1/3/2019,
44037,Rep. Raúl Labrador [R-ID1],"Labrador, Raúl (Rep.) [R-ID1]",Republican,ID,1,1/3/2017,1/3/2019,
44038,Rep. Adam Kinzinger [R-IL16],"Kinzinger, Adam (Rep.) [R-IL16]",Republican,IL,16,1/3/2017,1/3/2019,
44039,Rep. Randy Hultgren [R-IL14],"Hultgren, Randy (Rep.) [R-IL14]",Republican,IL,14,1/3/2017,1/3/2019,
44040,Rep. Todd Rokita [R-IN4],"Rokita, Todd (Rep.) [R-IN4]",Republican,IN,4,1/3/2017,1/3/2019,
44041,Rep. Larry Bucshon [R-IN8],"Bucshon, Larry (Rep.) [R-IN8]",Republican,IN,8,1/3/2017,1/3/2019,
44043,Rep. Kevin Yoder [R-KS3],"Yoder, Kevin (Rep.) [R-KS3]",Republican,KS,3,1/3/2017,1/3/2019,
44045,Rep. Cedric Richmond [D-LA2],"Richmond, Cedric (Rep.) [D-LA2]",Democrat,LA,2,1/3/2017,1/3/2019,
44046,Rep. Andy Harris [R-MD1],"Harris, Andy (Rep.) [R-MD1]",Republican,MD,1,1/3/2017,1/3/2019,
44047,Rep. William Keating [D-MA9],"Keating, William (Rep.) [D-MA9]",Democrat,MA,9,1/3/2017,1/3/2019,
44048,Rep. Bill Huizenga [R-MI2],"Huizenga, Bill (Rep.) [R-MI2]",Republican,MI,2,1/3/2017,1/3/2019,
44049,Rep. Justin Amash [R-MI3],"Amash, Justin (Rep.) [R-MI3]",Republican,MI,3,1/3/2017,1/3/2019,
44050,Rep. Steven Palazzo [R-MS4],"Palazzo, Steven (Rep.) [R-MS4]",Republican,MS,4,1/3/2017,1/3/2019,
44051,Rep. Vicky Hartzler [R-MO4],"Hartzler, Vicky (Rep.) [R-MO4]",Republican,MO,4,1/3/2017,1/3/2019,
44052,Rep. Billy Long [R-MO7],"Long, Billy (Rep.) [R-MO7]",Republican,MO,7,1/3/2017,1/3/2019,
44053,Rep. Bill Johnson [R-OH6],"Johnson, Bill (Rep.) [R-OH6]",Republican,OH,6,1/3/2017,1/3/2019,
44054,Rep. Steve Stivers [R-OH15],"Stivers, Steve (Rep.) [R-OH15]",Republican,OH,15,1/3/2017,1/3/2019,
44055,Rep. James Renacci [R-OH16],"Renacci, James (Rep.) [R-OH16]",Republican,OH,16,1/3/2017,1/3/2019,
44056,Rep. Bob Gibbs [R-OH7],"Gibbs, Bob (Rep.) [R-OH7]",Republican,OH,7,1/3/2017,1/3/2019,
44058,Rep. Mike Kelly [R-PA3],"Kelly, Mike (Rep.) [R-PA3]",Republican,PA,3,1/3/2017,1/3/2019,
44059,Rep. Patrick Meehan [R-PA7],"Meehan, Patrick (Rep.) [R-PA7]",Republican,PA,7,1/3/2017,1/3/2019,
44060,Rep. Tom Marino [R-PA10],"Marino, Tom (Rep.) [R-PA10]",Republican,PA,10,1/3/2017,1/3/2019,
44061,Rep. Lou Barletta [R-PA11],"Barletta, Lou (Rep.) [R-PA11]",Republican,PA,11,1/3/2017,1/3/2019,
44062,Rep. David Cicilline [D-RI1],"Cicilline, David (Rep.) [D-RI1]",Democrat,RI,1,1/3/2017,1/3/2019,
44064,Rep. Jeff Duncan [R-SC3],"Duncan, Jeff (Rep.) [R-SC3]",Republican,SC,3,1/3/2017,1/3/2019,
44065,Rep. Trey Gowdy [R-SC4],"Gowdy, Trey (Rep.) [R-SC4]",Republican,SC,4,1/3/2017,1/3/2019,
44067,Rep. Kristi Noem [R-SD0],"Noem, Kristi (Rep.) [R-SD0]",Republican,SD,0,1/3/2017,1/3/2019,
44068,Rep. Charles “Chuck” Fleischmann [R-TN3],"Fleischmann, Charles “Chuck” (Rep.) [R-TN3]",Republican,TN,3,1/3/2017,1/3/2019,
44069,Rep. Scott DesJarlais [R-TN4],"DesJarlais, Scott (Rep.) [R-TN4]",Republican,TN,4,1/3/2017,1/3/2019,
44070,Rep. Diane Black [R-TN6],"Black, Diane (Rep.) [R-TN6]",Republican,TN,6,1/3/2017,1/3/2019,
44071,Rep. Bill Flores [R-TX17],"Flores, Bill (Rep.) [R-TX17]",Republican,TX,17,1/3/2017,1/3/2019,
44072,Rep. Blake Farenthold [R-TX27],"Farenthold, Blake (Rep.) [R-TX27]",Republican,TX,27,1/3/2017,1/3/2019,
44073,Rep. Morgan Griffith [R-VA9],"Griffith, Morgan (Rep.) [R-VA9]",Republican,VA,9,1/3/2017,1/3/2019,
44074,Rep. Jaime Herrera Beutler [R-WA3],"Herrera Beutler, Jaime (Rep.) [R-WA3]",Republican,WA,3,1/3/2017,1/3/2019,
44075,Rep. David McKinley [R-WV1],"McKinley, David (Rep.) [R-WV1]",Republican,WV,1,1/3/2017,1/3/2019,
44076,Rep. Sean Duffy [R-WI7],"Duffy, Sean (Rep.) [R-WI7]",Republican,WI,7,1/3/2017,1/3/2019,
44083,Rep. Mark Amodei [R-NV2],"Amodei, Mark (Rep.) [R-NV2]",Republican,NV,2,1/3/2017,1/3/2019,
44084,Rep. Suzanne Bonamici [D-OR1],"Bonamici, Suzanne (Rep.) [D-OR1]",Democrat,OR,1,1/3/2017,1/3/2019,
44085,Rep. Thomas Massie [R-KY4],"Massie, Thomas (Rep.) [R-KY4]",Republican,KY,4,1/3/2017,1/3/2019,
44086,Rep. Suzan DelBene [D-WA1],"DelBene, Suzan (Rep.) [D-WA1]",Democrat,WA,1,1/3/2017,1/3/2019,
44087,Rep. Donald Payne [D-NJ10],"Payne, Donald (Rep.) [D-NJ10]",Democrat,NJ,10,1/3/2017,1/3/2019,
44089,Rep. Kyrsten Sinema [D-AZ9],"Sinema, Kyrsten (Rep.) [D-AZ9]",Democrat,AZ,9,1/3/2017,1/3/2019,
44090,Rep. Doug LaMalfa [R-CA1],"LaMalfa, Doug (Rep.) [R-CA1]",Republican,CA,1,1/3/2017,1/3/2019,
44091,Rep. Jared Huffman [D-CA2],"Huffman, Jared (Rep.) [D-CA2]",Democrat,CA,2,1/3/2017,1/3/2019,
44092,Rep. Ami Bera [D-CA7],"Bera, Ami (Rep.) [D-CA7]",Democrat,CA,7,1/3/2017,1/3/2019,
44093,Rep. Paul Cook [R-CA8],"Cook, Paul (Rep.) [R-CA8]",Republican,CA,8,1/3/2017,1/3/2019,
44094,Rep. Eric Swalwell [D-CA15],"Swalwell, Eric (Rep.) [D-CA15]",Democrat,CA,15,1/3/2017,1/3/2019,
44095,Rep. David Valadao [R-CA21],"Valadao, David (Rep.) [R-CA21]",Republican,CA,21,1/3/2017,1/3/2019,
44096,Rep. Julia Brownley [D-CA26],"Brownley, Julia (Rep.) [D-CA26]",Democrat,CA,26,1/3/2017,1/3/2019,
44097,Rep. Tony Cárdenas [D-CA29],"Cárdenas, Tony (Rep.) [D-CA29]",Democrat,CA,29,1/3/2017,1/3/2019,
44098,Rep. Raul Ruiz [D-CA36],"Ruiz, Raul (Rep.) [D-CA36]",Democrat,CA,36,1/3/2017,1/3/2019,
44099,Rep. Mark Takano [D-CA41],"Takano, Mark (Rep.) [D-CA41]",Democrat,CA,41,1/3/2017,1/3/2019,
44100,Rep. Alan Lowenthal [D-CA47],"Lowenthal, Alan (Rep.) [D-CA47]",Democrat,CA,47,1/3/2017,1/3/2019,
44101,Rep. Juan Vargas [D-CA51],"Vargas, Juan (Rep.) [D-CA51]",Democrat,CA,51,1/3/2017,1/3/2019,
44102,Rep. Scott Peters [D-CA52],"Peters, Scott (Rep.) [D-CA52]",Democrat,CA,52,1/3/2017,1/3/2019,
44103,Rep. Elizabeth Esty [D-CT5],"Esty, Elizabeth (Rep.) [D-CT5]",Democrat,CT,5,1/3/2017,1/3/2019,
44104,Rep. Ted Yoho [R-FL3],"Yoho, Ted (Rep.) [R-FL3]",Republican,FL,3,1/3/2017,1/3/2019,
44105,Rep. Ron DeSantis [R-FL6],"DeSantis, Ron (Rep.) [R-FL6]",Republican,FL,6,1/3/2017,1/3/2019,
44106,Rep. Lois Frankel [D-FL21],"Frankel, Lois (Rep.) [D-FL21]",Democrat,FL,21,1/3/2017,1/3/2019,
44107,Rep. Doug Collins [R-GA9],"Collins, Doug (Rep.) [R-GA9]",Republican,GA,9,1/3/2017,1/3/2019,
44108,Rep. Tulsi Gabbard [D-HI2],"Gabbard, Tulsi (Rep.) [D-HI2]",Democrat,HI,2,1/3/2017,1/3/2019,
44110,Rep. Bradley Schneider [D-IL10],"Schneider, Bradley (Rep.) [D-IL10]",Democrat,IL,10,1/3/2017,1/3/2019,
44111,Rep. Rodney Davis [R-IL13],"Davis, Rodney (Rep.) [R-IL13]",Republican,IL,13,1/3/2017,1/3/2019,
44112,Rep. Cheri Bustos [D-IL17],"Bustos, Cheri (Rep.) [D-IL17]",Democrat,IL,17,1/3/2017,1/3/2019,
44113,Rep. Jackie Walorski [R-IN2],"Walorski, Jackie (Rep.) [R-IN2]",Republican,IN,2,1/3/2017,1/3/2019,
44114,Rep. Susan Brooks [R-IN5],"Brooks, Susan (Rep.) [R-IN5]",Republican,IN,5,1/3/2017,1/3/2019,
44115,Rep. Luke Messer [R-IN6],"Messer, Luke (Rep.) [R-IN6]",Republican,IN,6,1/3/2017,1/3/2019,
44116,Rep. Garland “Andy” Barr [R-KY6],"Barr, Garland “Andy” (Rep.) [R-KY6]",Republican,KY,6,1/3/2017,1/3/2019,
44117,Rep. Joseph Kennedy [D-MA4],"Kennedy, Joseph (Rep.) [D-MA4]",Democrat,MA,4,1/3/2017,1/3/2019,
44118,Rep. John Delaney [D-MD6],"Delaney, John (Rep.) [D-MD6]",Democrat,MD,6,1/3/2017,1/3/2019,
44119,Rep. Daniel Kildee [D-MI5],"Kildee, Daniel (Rep.) [D-MI5]",Democrat,MI,5,1/3/2017,1/3/2019,
44120,Rep. Ann Wagner [R-MO2],"Wagner, Ann (Rep.) [R-MO2]",Republican,MO,2,1/3/2017,1/3/2019,
44121,Rep. Richard Hudson [R-NC8],"Hudson, Richard (Rep.) [R-NC8]",Republican,NC,8,1/3/2017,1/3/2019,
44122,Rep. Robert Pittenger [R-NC9],"Pittenger, Robert (Rep.) [R-NC9]",Republican,NC,9,1/3/2017,1/3/2019,
44123,Rep. Mark Meadows [R-NC11],"Meadows, Mark (Rep.) [R-NC11]",Republican,NC,11,1/3/2017,1/3/2019,
44124,Rep. George Holding [R-NC2],"Holding, George (Rep.) [R-NC2]",Republican,NC,2,1/3/2017,1/3/2019,
44125,Rep. Kevin Cramer [R-ND0],"Cramer, Kevin (Rep.) [R-ND0]",Republican,ND,0,1/3/2017,1/3/2019,
44126,Rep. Ann Kuster [D-NH2],"Kuster, Ann (Rep.) [D-NH2]",Democrat,NH,2,1/3/2017,1/3/2019,
44127,Rep. Michelle Lujan Grisham [D-NM1],"Lujan Grisham, Michelle (Rep.) [D-NM1]",Democrat,NM,1,1/3/2017,1/3/2019,
44128,Rep. Grace Meng [D-NY6],"Meng, Grace (Rep.) [D-NY6]",Democrat,NY,6,1/3/2017,1/3/2019,
44129,Rep. Hakeem Jeffries [D-NY8],"Jeffries, Hakeem (Rep.) [D-NY8]",Democrat,NY,8,1/3/2017,1/3/2019,
44130,Rep. Sean Maloney [D-NY18],"Maloney, Sean (Rep.) [D-NY18]",Democrat,NY,18,1/3/2017,1/3/2019,
44131,Rep. Chris Collins [R-NY27],"Collins, Chris (Rep.) [R-NY27]",Republican,NY,27,1/3/2017,1/3/2019,
44132,Rep. Brad Wenstrup [R-OH2],"Wenstrup, Brad (Rep.) [R-OH2]",Republican,OH,2,1/3/2017,1/3/2019,
44133,Rep. Joyce Beatty [D-OH3],"Beatty, Joyce (Rep.) [D-OH3]",Democrat,OH,3,1/3/2017,1/3/2019,
44134,Rep. David Joyce [R-OH14],"Joyce, David (Rep.) [R-OH14]",Republican,OH,14,1/3/2017,1/3/2019,
44135,Rep. Jim Bridenstine [R-OK1],"Bridenstine, Jim (Rep.) [R-OK1]",Republican,OK,1,1/3/2017,1/3/2019,
44136,Rep. Markwayne Mullin [R-OK2],"Mullin, Markwayne (Rep.) [R-OK2]",Republican,OK,2,1/3/2017,1/3/2019,
44137,Rep. Scott Perry [R-PA4],"Perry, Scott (Rep.) [R-PA4]",Republican,PA,4,1/3/2017,1/3/2019,
44138,Rep. Keith Rothfus [R-PA12],"Rothfus, Keith (Rep.) [R-PA12]",Republican,PA,12,1/3/2017,1/3/2019,
44139,Rep. Matthew Cartwright [D-PA17],"Cartwright, Matthew (Rep.) [D-PA17]",Democrat,PA,17,1/3/2017,1/3/2019,
44140,Rep. Tom Rice [R-SC7],"Rice, Tom (Rep.) [R-SC7]",Republican,SC,7,1/3/2017,1/3/2019,
44141,Rep. Randy Weber [R-TX14],"Weber, Randy (Rep.) [R-TX14]",Republican,TX,14,1/3/2017,1/3/2019,
44142,Rep. Beto O'Rourke [D-TX16],"O'Rourke, Beto (Rep.) [D-TX16]",Democrat,TX,16,1/3/2017,1/3/2019,
44143,Rep. Joaquin Castro [D-TX20],"Castro, Joaquin (Rep.) [D-TX20]",Democrat,TX,20,1/3/2017,1/3/2019,
44144,Rep. Roger Williams [R-TX25],"Williams, Roger (Rep.) [R-TX25]",Republican,TX,25,1/3/2017,1/3/2019,
44145,Rep. Marc Veasey [D-TX33],"Veasey, Marc (Rep.) [D-TX33]",Democrat,TX,33,1/3/2017,1/3/2019,
44146,Rep. Filemon Vela [D-TX34],"Vela, Filemon (Rep.) [D-TX34]",Democrat,TX,34,1/3/2017,1/3/2019,
44147,Rep. Chris Stewart [R-UT2],"Stewart, Chris (Rep.) [R-UT2]",Republican,UT,2,1/3/2017,1/3/2019,
44148,Rep. Derek Kilmer [D-WA6],"Kilmer, Derek (Rep.) [D-WA6]",Democrat,WA,6,1/3/2017,1/3/2019,
44149,Rep. Denny Heck [D-WA10],"Heck, Denny (Rep.) [D-WA10]",Democrat,WA,10,1/3/2017,1/3/2019,
44150,Rep. Mark Pocan [D-WI2],"Pocan, Mark (Rep.) [D-WI2]",Democrat,WI,2,1/3/2017,1/3/2019,
44151,Rep. Robin Kelly [D-IL2],"Kelly, Robin (Rep.) [D-IL2]",Democrat,IL,2,1/3/2017,1/3/2019,
44152,Rep. Jason Smith [R-MO8],"Smith, Jason (Rep.) [R-MO8]",Republican,MO,8,1/3/2017,1/3/2019,
44153,Rep. Katherine Clark [D-MA5],"Clark, Katherine (Rep.) [D-MA5]",Democrat,MA,5,1/3/2017,1/3/2019,
44154,Rep. Bradley Byrne [R-AL1],"Byrne, Bradley (Rep.) [R-AL1]",Republican,AL,1,1/3/2017,1/3/2019,
44155,Rep. David “Dave” Brat [R-VA7],"Brat, David “Dave” (Rep.) [R-VA7]",Republican,VA,7,1/3/2017,1/3/2019,
44156,Rep. Donald Norcross [D-NJ1],"Norcross, Donald (Rep.) [D-NJ1]",Democrat,NJ,1,1/3/2017,1/3/2019,
44157,Rep. Alma Adams [D-NC12],"Adams, Alma (Rep.) [D-NC12]",Democrat,NC,12,1/3/2017,1/3/2019,
44158,Rep. Gary Palmer [R-AL6],"Palmer, Gary (Rep.) [R-AL6]",Republican,AL,6,1/3/2017,1/3/2019,
44159,Rep. French Hill [R-AR2],"Hill, French (Rep.) [R-AR2]",Republican,AR,2,1/3/2017,1/3/2019,
44160,Rep. Bruce Westerman [R-AR4],"Westerman, Bruce (Rep.) [R-AR4]",Republican,AR,4,1/3/2017,1/3/2019,
44161,Rep. Martha McSally [R-AZ2],"McSally, Martha (Rep.) [R-AZ2]",Republican,AZ,2,1/3/2017,1/3/2019,
44162,Rep. Ruben Gallego [D-AZ7],"Gallego, Ruben (Rep.) [D-AZ7]",Democrat,AZ,7,1/3/2017,1/3/2019,
44163,Rep. Mark DeSaulnier [D-CA11],"DeSaulnier, Mark (Rep.) [D-CA11]",Democrat,CA,11,1/3/2017,1/3/2019,
44164,Rep. Steve Knight [R-CA25],"Knight, Steve (Rep.) [R-CA25]",Republican,CA,25,1/3/2017,1/3/2019,
44165,Rep. Pete Aguilar [D-CA31],"Aguilar, Pete (Rep.) [D-CA31]",Democrat,CA,31,1/3/2017,1/3/2019,
44166,Rep. Ted Lieu [D-CA33],"Lieu, Ted (Rep.) [D-CA33]",Democrat,CA,33,1/3/2017,1/3/2019,
44167,Rep. Norma Torres [D-CA35],"Torres, Norma (Rep.) [D-CA35]",Democrat,CA,35,1/3/2017,1/3/2019,
44168,Rep. Mimi Walters [R-CA45],"Walters, Mimi (Rep.) [R-CA45]",Republican,CA,45,1/3/2017,1/3/2019,
44169,Rep. Ken Buck [R-CO4],"Buck, Ken (Rep.) [R-CO4]",Republican,CO,4,1/3/2017,1/3/2019,
44170,Rep. Carlos Curbelo [R-FL26],"Curbelo, Carlos (Rep.) [R-FL26]",Republican,FL,26,1/3/2017,1/3/2019,
44171,Rep. Buddy Carter [R-GA1],"Carter, Buddy (Rep.) [R-GA1]",Republican,GA,1,1/3/2017,1/3/2019,
44172,Rep. Jody Hice [R-GA10],"Hice, Jody (Rep.) [R-GA10]",Republican,GA,10,1/3/2017,1/3/2019,
44173,Rep. Barry Loudermilk [R-GA11],"Loudermilk, Barry (Rep.) [R-GA11]",Republican,GA,11,1/3/2017,1/3/2019,
44174,Rep. Rick Allen [R-GA12],"Allen, Rick (Rep.) [R-GA12]",Republican,GA,12,1/3/2017,1/3/2019,
44175,Rep. Rod Blum [R-IA1],"Blum, Rod (Rep.) [R-IA1]",Republican,IA,1,1/3/2017,1/3/2019,
44176,Rep. David Young [R-IA3],"Young, David (Rep.) [R-IA3]",Republican,IA,3,1/3/2017,1/3/2019,
44177,Rep. Mike Bost [R-IL12],"Bost, Mike (Rep.) [R-IL12]",Republican,IL,12,1/3/2017,1/3/2019,
44178,Rep. Ralph Abraham [R-LA5],"Abraham, Ralph (Rep.) [R-LA5]",Republican,LA,5,1/3/2017,1/3/2019,
44179,Rep. Garret Graves [R-LA6],"Graves, Garret (Rep.) [R-LA6]",Republican,LA,6,1/3/2017,1/3/2019,
44180,Rep. Seth Moulton [D-MA6],"Moulton, Seth (Rep.) [D-MA6]",Democrat,MA,6,1/3/2017,1/3/2019,
44181,Rep. Bruce Poliquin [R-ME2],"Poliquin, Bruce (Rep.) [R-ME2]",Republican,ME,2,1/3/2017,1/3/2019,
44182,Rep. John Moolenaar [R-MI4],"Moolenaar, John (Rep.) [R-MI4]",Republican,MI,4,1/3/2017,1/3/2019,
44183,Rep. Mike Bishop [R-MI8],"Bishop, Mike (Rep.) [R-MI8]",Republican,MI,8,1/3/2017,1/3/2019,
44184,Rep. Dave Trott [R-MI11],"Trott, Dave (Rep.) [R-MI11]",Republican,MI,11,1/3/2017,1/3/2019,
44185,Rep. Debbie Dingell [D-MI12],"Dingell, Debbie (Rep.) [D-MI12]",Democrat,MI,12,1/3/2017,1/3/2019,
44186,Rep. Brenda Lawrence [D-MI14],"Lawrence, Brenda (Rep.) [D-MI14]",Democrat,MI,14,1/3/2017,1/3/2019,
44187,Rep. Tom Emmer [R-MN6],"Emmer, Tom (Rep.) [R-MN6]",Republican,MN,6,1/3/2017,1/3/2019,
44189,Rep. David Rouzer [R-NC7],"Rouzer, David (Rep.) [R-NC7]",Republican,NC,7,1/3/2017,1/3/2019,
44190,Rep. Tom MacArthur [R-NJ3],"MacArthur, Tom (Rep.) [R-NJ3]",Republican,NJ,3,1/3/2017,1/3/2019,
44191,Rep. Bonnie Watson Coleman [D-NJ12],"Watson Coleman, Bonnie (Rep.) [D-NJ12]",Democrat,NJ,12,1/3/2017,1/3/2019,
44192,Rep. Lee Zeldin [R-NY1],"Zeldin, Lee (Rep.) [R-NY1]",Republican,NY,1,1/3/2017,1/3/2019,
44193,Rep. Kathleen Rice [D-NY4],"Rice, Kathleen (Rep.) [D-NY4]",Democrat,NY,4,1/3/2017,1/3/2019,
44194,Rep. Elise Stefanik [R-NY21],"Stefanik, Elise (Rep.) [R-NY21]",Republican,NY,21,1/3/2017,1/3/2019,
44195,Rep. John Katko [R-NY24],"Katko, John (Rep.) [R-NY24]",Republican,NY,24,1/3/2017,1/3/2019,
44196,Rep. Steve Russell [R-OK5],"Russell, Steve (Rep.) [R-OK5]",Republican,OK,5,1/3/2017,1/3/2019,
44197,Rep. Ryan Costello [R-PA6],"Costello, Ryan (Rep.) [R-PA6]",Republican,PA,6,1/3/2017,1/3/2019,
44198,Rep. Brendan Boyle [D-PA13],"Boyle, Brendan (Rep.) [D-PA13]",Democrat,PA,13,1/3/2017,1/3/2019,
44199,Rep. John Ratcliffe [R-TX4],"Ratcliffe, John (Rep.) [R-TX4]",Republican,TX,4,1/3/2017,1/3/2019,
44200,Rep. Will Hurd [R-TX23],"Hurd, Will (Rep.) [R-TX23]",Republican,TX,23,1/3/2017,1/3/2019,
44201,Rep. Brian Babin [R-TX36],"Babin, Brian (Rep.) [R-TX36]",Republican,TX,36,1/3/2017,1/3/2019,
44202,Rep. Mia Love [R-UT4],"Love, Mia (Rep.) [R-UT4]",Republican,UT,4,1/3/2017,1/3/2019,
44203,Rep. Donald Beyer [D-VA8],"Beyer, Donald (Rep.) [D-VA8]",Democrat,VA,8,1/3/2017,1/3/2019,
44204,Rep. Barbara Comstock [R-VA10],"Comstock, Barbara (Rep.) [R-VA10]",Republican,VA,10,1/3/2017,1/3/2019,
44205,Rep. Stacey Plaskett [D-VI0],"Plaskett, Stacey (Rep.) [D-VI0]",Democrat,VI,0,1/3/2017,1/3/2019,
44206,Rep. Dan Newhouse [R-WA4],"Newhouse, Dan (Rep.) [R-WA4]",Republican,WA,4,1/3/2017,1/3/2019,
44207,Rep. Glenn Grothman [R-WI6],"Grothman, Glenn (Rep.) [R-WI6]",Republican,WI,6,1/3/2017,1/3/2019,
44208,Rep. Alex Mooney [R-WV2],"Mooney, Alex (Rep.) [R-WV2]",Republican,WV,2,1/3/2017,1/3/2019,
44209,Rep. Evan Jenkins [R-WV3],"Jenkins, Evan (Rep.) [R-WV3]",Republican,WV,3,1/3/2017,1/3/2019,
44210,Rep. Aumua Amata [R-AS0],"Amata, Aumua (Rep.) [R-AS0]",Republican,AS,0,1/3/2017,1/3/2019,
44211,Rep. Mark Walker [R-NC6],"Walker, Mark (Rep.) [R-NC6]",Republican,NC,6,1/3/2017,1/3/2019,
44212,Rep. Daniel Donovan [R-NY11],"Donovan, Daniel (Rep.) [R-NY11]",Republican,NY,11,1/3/2017,1/3/2019,
44213,Rep. Trent Kelly [R-MS1],"Kelly, Trent (Rep.) [R-MS1]",Republican,MS,1,1/3/2017,1/3/2019,
44214,Rep. Darin LaHood [R-IL18],"LaHood, Darin (Rep.) [R-IL18]",Republican,IL,18,1/3/2017,1/3/2019,
44215,Rep. Warren Davidson [R-OH8],"Davidson, Warren (Rep.) [R-OH8]",Republican,OH,8,1/3/2017,1/3/2019,
44216,Rep. James Comer [R-KY1],"Comer, James (Rep.) [R-KY1]",Republican,KY,1,1/3/2017,1/3/2019,
44217,Rep. Dwight Evans [D-PA2],"Evans, Dwight (Rep.) [D-PA2]",Democrat,PA,2,1/3/2017,1/3/2019,
44222,Rep. Tom O'Halleran [D-AZ1],"O'Halleran, Tom (Rep.) [D-AZ1]",Democrat,AZ,1,1/3/2017,1/3/2019,
44223,Rep. Andy Biggs [R-AZ5],"Biggs, Andy (Rep.) [R-AZ5]",Republican,AZ,5,1/3/2017,1/3/2019,
44224,Rep. Ro Khanna [D-CA17],"Khanna, Ro (Rep.) [D-CA17]",Democrat,CA,17,1/3/2017,1/3/2019,
44225,Rep. Jimmy Panetta [D-CA20],"Panetta, Jimmy (Rep.) [D-CA20]",Democrat,CA,20,1/3/2017,1/3/2019,
44226,Rep. Salud Carbajal [D-CA24],"Carbajal, Salud (Rep.) [D-CA24]",Democrat,CA,24,1/3/2017,1/3/2019,
44227,Rep. Nanette Barragán [D-CA44],"Barragán, Nanette (Rep.) [D-CA44]",Democrat,CA,44,1/3/2017,1/3/2019,
44228,Rep. Luis Correa [D-CA46],"Correa, Luis (Rep.) [D-CA46]",Democrat,CA,46,1/3/2017,1/3/2019,
44229,Rep. Lisa Blunt Rochester [D-DE0],"Blunt Rochester, Lisa (Rep.) [D-DE0]",Democrat,DE,0,1/3/2017,1/3/2019,
44230,Rep. Matt Gaetz [R-FL1],"Gaetz, Matt (Rep.) [R-FL1]",Republican,FL,1,1/3/2017,1/3/2019,
44231,Rep. Neal Dunn [R-FL2],"Dunn, Neal (Rep.) [R-FL2]",Republican,FL,2,1/3/2017,1/3/2019,
44232,Rep. John Rutherford [R-FL4],"Rutherford, John (Rep.) [R-FL4]",Republican,FL,4,1/3/2017,1/3/2019,
44233,Rep. Al Lawson [D-FL5],"Lawson, Al (Rep.) [D-FL5]",Democrat,FL,5,1/3/2017,1/3/2019,
44234,Rep. Stephanie Murphy [D-FL7],"Murphy, Stephanie (Rep.) [D-FL7]",Democrat,FL,7,1/3/2017,1/3/2019,
44235,Rep. Darren Soto [D-FL9],"Soto, Darren (Rep.) [D-FL9]",Democrat,FL,9,1/3/2017,1/3/2019,
44236,Rep. Val Demings [D-FL10],"Demings, Val (Rep.) [D-FL10]",Democrat,FL,10,1/3/2017,1/3/2019,
44237,Rep. Charlie Crist [D-FL13],"Crist, Charlie (Rep.) [D-FL13]",Democrat,FL,13,1/3/2017,1/3/2019,
44238,Rep. Brian Mast [R-FL18],"Mast, Brian (Rep.) [R-FL18]",Republican,FL,18,1/3/2017,1/3/2019,
44239,Rep. Francis Rooney [R-FL19],"Rooney, Francis (Rep.) [R-FL19]",Republican,FL,19,1/3/2017,1/3/2019,
44240,Rep. Drew Ferguson [R-GA3],"Ferguson, Drew (Rep.) [R-GA3]",Republican,GA,3,1/3/2017,1/3/2019,
44241,Rep. Raja Krishnamoorthi [D-IL8],"Krishnamoorthi, Raja (Rep.) [D-IL8]",Democrat,IL,8,1/3/2017,1/3/2019,
44242,Rep. Jim Banks [R-IN3],"Banks, Jim (Rep.) [R-IN3]",Republican,IN,3,1/3/2017,1/3/2019,
44243,Rep. Trey Hollingsworth [R-IN9],"Hollingsworth, Trey (Rep.) [R-IN9]",Republican,IN,9,1/3/2017,1/3/2019,
44244,Rep. Roger Marshall [R-KS1],"Marshall, Roger (Rep.) [R-KS1]",Republican,KS,1,1/3/2017,1/3/2019,
44245,Rep. Clay Higgins [R-LA3],"Higgins, Clay (Rep.) [R-LA3]",Republican,LA,3,1/3/2017,1/3/2019,
44246,Rep. Mike Johnson [R-LA4],"Johnson, Mike (Rep.) [R-LA4]",Republican,LA,4,1/3/2017,1/3/2019,
44247,Rep. Anthony Brown [D-MD4],"Brown, Anthony (Rep.) [D-MD4]",Democrat,MD,4,1/3/2017,1/3/2019,
44248,Rep. Jamie Raskin [D-MD8],"Raskin, Jamie (Rep.) [D-MD8]",Democrat,MD,8,1/3/2017,1/3/2019,
44249,Rep. Jack Bergman [R-MI1],"Bergman, Jack (Rep.) [R-MI1]",Republican,MI,1,1/3/2017,1/3/2019,
44250,Rep. Paul Mitchell [R-MI10],"Mitchell, Paul (Rep.) [R-MI10]",Republican,MI,10,1/3/2017,1/3/2019,
44251,Rep. Jason Lewis [R-MN2],"Lewis, Jason (Rep.) [R-MN2]",Republican,MN,2,1/3/2017,1/3/2019,
44252,Rep. Ted Budd [R-NC13],"Budd, Ted (Rep.) [R-NC13]",Republican,NC,13,1/3/2017,1/3/2019,
44253,Rep. Don Bacon [R-NE2],"Bacon, Don (Rep.) [R-NE2]",Republican,NE,2,1/3/2017,1/3/2019,
44254,Rep. Josh Gottheimer [D-NJ5],"Gottheimer, Josh (Rep.) [D-NJ5]",Democrat,NJ,5,1/3/2017,1/3/2019,
44255,Rep. Jacky Rosen [D-NV3],"Rosen, Jacky (Rep.) [D-NV3]",Democrat,NV,3,1/3/2017,1/3/2019,
44256,Rep. Ruben Kihuen [D-NV4],"Kihuen, Ruben (Rep.) [D-NV4]",Democrat,NV,4,1/3/2017,1/3/2019,
44257,Rep. Thomas Suozzi [D-NY3],"Suozzi, Thomas (Rep.) [D-NY3]",Democrat,NY,3,1/3/2017,1/3/2019,
44258,Rep. Adriano Espaillat [D-NY13],"Espaillat, Adriano (Rep.) [D-NY13]",Democrat,NY,13,1/3/2017,1/3/2019,
44259,Rep. John Faso [R-NY19],"Faso, John (Rep.) [R-NY19]",Republican,NY,19,1/3/2017,1/3/2019,
44260,Rep. Claudia Tenney [R-NY22],"Tenney, Claudia (Rep.) [R-NY22]",Republican,NY,22,1/3/2017,1/3/2019,
44261,Rep. Brian Fitzpatrick [R-PA8],"Fitzpatrick, Brian (Rep.) [R-PA8]",Republican,PA,8,1/3/2017,1/3/2019,
44262,Rep. Lloyd Smucker [R-PA16],"Smucker, Lloyd (Rep.) [R-PA16]",Republican,PA,16,1/3/2017,1/3/2019,
44263,Commish. Jenniffer González-Colón [R-PR0],"González-Colón, Jenniffer (Commish.) [R-PR0]",Republican,PR,0,1/3/2017,1/3/2019,
44264,Rep. David Kustoff [R-TN8],"Kustoff, David (Rep.) [R-TN8]",Republican,TN,8,1/3/2017,1/3/2019,
44265,Rep. Vicente Gonzalez [D-TX15],"Gonzalez, Vicente (Rep.) [D-TX15]",Democrat,TX,15,1/3/2017,1/3/2019,
44266,Rep. Jodey Arrington [R-TX19],"Arrington, Jodey (Rep.) [R-TX19]",Republican,TX,19,1/3/2017,1/3/2019,
44267,Rep. Scott Taylor [R-VA2],"Taylor, Scott (Rep.) [R-VA2]",Republican,VA,2,1/3/2017,1/3/2019,
44268,Rep. Donald McEachin [D-VA4],"McEachin, Donald (Rep.) [D-VA4]",Democrat,VA,4,1/3/2017,1/3/2019,
44269,Rep. Thomas Garrett [R-VA5],"Garrett, Thomas (Rep.) [R-VA5]",Republican,VA,5,1/3/2017,1/3/2019,
44270,Rep. Pramila Jayapal [D-WA7],"Jayapal, Pramila (Rep.) [D-WA7]",Democrat,WA,7,1/3/2017,1/3/2019,
44271,Rep. Mike Gallagher [R-WI8],"Gallagher, Mike (Rep.) [R-WI8]",Republican,WI,8,1/3/2017,1/3/2019,
44272,Rep. Liz Cheney [R-WY0],"Cheney, Liz (Rep.) [R-WY0]",Republican,WY,0,1/3/2017,1/3/2019,
44276,Rep. Ron Estes [R-KS4],"Estes, Ron (Rep.) [R-KS4]",Republican,KS,4,4/25/2017,1/3/2019,